1,75056,75004,Paris,Île-de-France,Paris,FR
2,63470,63530,Volvic,Auvergne-Rhône-Alpes,Puy-de-Dôme,FR
3,62318,62630,Etaples,Hauts-de-France,Pas-de-Calais,FR
4,38006,38580,Allevard,Auvergne-Rhône-Alpes,Isère,FR
5,97416,97250,Saint-Pierre,Martinique,null,FR
6,81170,81640,Monestiés,Occitanie,Tarn,FR
7,34143,34140,Loupian,Occitanie,Hérault,FR
8,86140,86320,Lussac-les-Châteaux,Nouvelle-Aquitaine,Vienne,FR
9,69215,69640,Saint-Julien,Auvergne-Rhône-Alpes,Rhône,FR
10,03275,3210,Souvigny,Auvergne-Rhône-Alpes,Allier,FR
11,70122,70600,Champlitte,Bourgogne-Franche-Comté,Haute-Saône,FR
12,44117,44330,Le Pallet,Pays de la Loire,Loire-Atlantique,FR
13,11181,null,Labécède-Lauragais,Occitanie,Aude,FR
14,01343,1380,Saint-Cyr-sur-Menthon,Auvergne-Rhône-Alpes,Ain,FR
15,2B033,20200,Bastia,Corse,Haute-Corse,FR
16,36042,36200,Saint-Marcel,Centre-Val de Loire,Indre,FR
17,60664,60120,Vendeuil-Caply,Hauts-de-France,Oise,FR
18,32208,32700,Lectoure,Occitanie,Gers,FR
19,06088,6300,Nice,Provence-Alpes-Côte d'Azur,Alpes-Maritimes,FR
20,74267,74320,Sevrier,Auvergne-Rhône-Alpes,Haute-Savoie,FR
21,92050,92000,Nanterre,Île-de-France,Hauts-de-Seine,FR
22,70311,70300,Luxeuil-les-Bains,Bourgogne-Franche-Comté,Haute-Saône,FR
23,83137,83000,Toulon,Provence-Alpes-Côte d'Azur,Var,FR
24,97411,97400,Saint-Denis,La Réunion,null,FR
25,33063,33300,Bordeaux,Nouvelle-Aquitaine,Gironde,FR
26,40120,40300,Hastingues,Nouvelle-Aquitaine,Landes,FR
27,79440,79380,Courlay,Nouvelle-Aquitaine,Deux-Sèvres,FR
28,55467,55300,Sampigny,Grand Est,Meuse,FR
29,68066,68000,Colmar,Grand Est,Haut-Rhin,FR
30,84035,84300,Cavaillon,Provence-Alpes-Côte d'Azur,Vaucluse,FR
31,15014,15000,Aurillac,Auvergne-Rhône-Alpes,Cantal,FR
32,09268,9190,Saint-Lizier,Occitanie,Ariège,FR
33,13092,13250,Saint-Chamas,Provence-Alpes-Côte d'Azur,Bouches-du-Rhône,FR
34,50228,50450,Hambye,Normandie,Manche,FR
35,06088,6000,Nice,Provence-Alpes-Côte d'Azur,Alpes-Maritimes,FR
36,29039,29900,Concarneau,Bretagne,Finistère,FR
37,14512,14110,Pontécoulant,Normandie,Calvados,FR
38,78551,78100,Saint-Germain-en-Laye,Île-de-France,Yvelines,FR
39,14409,14810,Merville-Franceville-Plage,Normandie,Calvados,FR
40,55502,55700,Stenay,Grand Est,Meuse,FR
41,69123,69005,Lyon,Auvergne-Rhône-Alpes,Métropole de Lyon,FR
42,39478,39200,Saint-Claude,Bourgogne-Franche-Comté,Jura,FR
43,06004,6600,Antibes,Provence-Alpes-Côte d'Azur,Alpes-Maritimes,FR
44,17029,40380,Montfort-en-Chalosse,Nouvelle-Aquitaine,Landes,FR
45,60141,60500,Chantilly,Hauts-de-France,Oise,FR
46,30103,30390,Domazan,Occitanie,Gard,FR
47,08053,8140,Bazeilles,Grand Est,Ardennes,FR
48,63195,63190,Lezoux,Auvergne-Rhône-Alpes,Puy-de-Dôme,FR
49,79329,79100,Thouars,Nouvelle-Aquitaine,Deux-Sèvres,FR
50,2A142,20170,Levie,Corse,Corse-du-Sud,FR
51,14061,14350,Souleuvre en Bocage,Normandie,Calvados,FR
52,57658,57960,Meisenthal,Grand Est,Moselle,FR
53,64249,64210,Guéthary,Nouvelle-Aquitaine,Pyrénées-Atlantiques,FR
54,01053,1000,Bourg-en-Bresse,Auvergne-Rhône-Alpes,Ain,FR
55,59599,59200,Tourcoing,Hauts-de-France,Nord,FR
56,05061,5000,Gap,Provence-Alpes-Côte d'Azur,Hautes-Alpes,FR
57,16102,16100,Cognac,Nouvelle-Aquitaine,Charente,FR
58,77337,77420,Champs-sur-Marne,Île-de-France,Seine-et-Marne,FR
59,14431,14340,Mézidon Vallée d'Auge,Normandie,Calvados,FR
60,59053,59570,Bavay,Hauts-de-France,Nord,FR
61,49021,49250,Beaufort-en-Vallée,Pays de la Loire,Maine-et-Loire,FR
62,null,61130,Saint-Cyr-la-Rosière,Normandie,Orne,FR
63,69123,69008,Lyon,Auvergne-Rhône-Alpes,Métropole de Lyon,FR
64,37242,37420,Savigny-en-Véron,Centre-Val de Loire,Indre-et-Loire,FR
65,44109,44000,Nantes,Pays de la Loire,Loire-Atlantique,FR
66,72181,72100,Le Mans,Pays de la Loire,Sarthe,FR
67,78517,78120,Rambouillet,Île-de-France,Yvelines,FR
68,94080,94300,Vincennes,Île-de-France,Val-de-Marne,FR
69,03010,3190,Audes,Auvergne-Rhône-Alpes,Allier,FR
70,67021,67140,Barr,Grand Est,Bas-Rhin,FR
71,87085,null,Limoges,Nouvelle-Aquitaine,Haute-Vienne,FR
72,98738,98703,Punaʻauiʻa,Polynésie française,Îles du Vent,FR
73,81115,81270,Labastide-Rouairoux,Occitanie,Tarn,FR
74,90010,90000,Belfort,Bourgogne-Franche-Comté,Territoire-de-Belfort,FR
75,71275,71110,Marcigny,Bourgogne-Franche-Comté,Saône-et-Loire,FR
76,31555,31000,Toulouse,Occitanie,Haute-Garonne,FR
77,59043,59270,Bailleul,Hauts-de-France,Nord,FR
78,50041,50440,La Hague,Normandie,Manche,FR
79,14258,14700,Falaise,Normandie,Calvados,FR
80,77057,77750,Saint-Cyr-sur-Morin,Île-de-France,Seine-et-Marne,FR
81,91679,91190,Villiers-le-Bâcle,Île-de-France,Essonne,FR
82,59009,59650,Villeneuve-d'Ascq,Hauts-de-France,Nord,FR
83,42237,42650,Saint-Jean-Bonnefonds,Auvergne-Rhône-Alpes,Loire,FR
84,89349,89630,Saint-Léger-Vauban,Bourgogne-Franche-Comté,Yonne,FR
85,27016,27700,Les Andelys,Normandie,Eure,FR
86,03232,3260,Saint-Félix,Auvergne-Rhône-Alpes,Allier,FR
87,64190,64330,Claracq,Nouvelle-Aquitaine,Pyrénées-Atlantiques,FR
88,67130,67150,Erstein,Grand Est,Bas-Rhin,FR
89,56057,56320,Le Faouët,Bretagne,Morbihan,FR
90,32433,32420,Simorre,Occitanie,Gers,FR
91,66181,66800,Sainte-Léocadie,Occitanie,Pyrénées-Orientales,FR
92,01192,1580,Izernore,Auvergne-Rhône-Alpes,Ain,FR
93,08409,8200,Sedan,Grand Est,Ardennes,FR
94,15168,15320,Ruynes-en-Margeride,Auvergne-Rhône-Alpes,Cantal,FR
95,94046,94700,Maisons-Alfort,Île-de-France,Val-de-Marne,FR
96,85106,85680,La Guérinière,Pays de la Loire,Vendée,FR
97,34142,34700,Lodève,Occitanie,Hérault,FR
98,16167,16200,Jarnac,Nouvelle-Aquitaine,Charente,FR
99,41136,41500,Mer,Centre-Val de Loire,Loir-et-Cher,FR
100,93064,93110,Rosny-sous-Bois,Île-de-France,Seine-Saint-Denis,FR
101,76231,76500,Elbeuf,Normandie,Seine-Maritime,FR
102,97209,97200,Fort-de-France,Martinique,Martinique,FR
103,50129,50100,Cherbourg-en-Cotentin,Normandie,Manche,FR
104,15119,15500,Massiac,Auvergne-Rhône-Alpes,Cantal,FR
105,32160,32600,L'Isle-Jourdain,Occitanie,Gers,FR
106,85231,85440,Saint-Hilaire-la-Forêt,Pays de la Loire,Vendée,FR
107,86165,86500,Montmorillon,Nouvelle-Aquitaine,Vienne,FR
108,25388,25200,Montbéliard,Bourgogne-Franche-Comté,Doubs,FR
109,42218,42100,Saint-Étienne,Auvergne-Rhône-Alpes,Loire,FR
110,38190,38118,Hières-sur-Amby,Auvergne-Rhône-Alpes,Isère,FR
111,80446,80140,Huppy,Hauts-de-France,Somme,FR
112,33213,33650,La Brède,Nouvelle-Aquitaine,Gironde,FR
113,85163,85330,Noirmoutier-en-l'Île,Pays de la Loire,Vendée,FR
114,30028,30200,Bagnols-sur-Cèze,Occitanie,Gard,FR
115,27375,27400,Louviers,Normandie,Eure,FR
116,64348,64140,Lons,Nouvelle-Aquitaine,Pyrénées-Atlantiques,FR
117,03048,3350,Cérilly,Auvergne-Rhône-Alpes,Allier,FR
118,30268,30960,Saint-Jean-de-Valériscle,Occitanie,Gard,FR
119,87126,87600,Rochechouart,Nouvelle-Aquitaine,Haute-Vienne,FR
120,79202,79200,Parthenay,Nouvelle-Aquitaine,Deux-Sèvres,FR
121,null,71570,Romanèche-Thorins,null,Saône-et-Loire,FR
122,53077,53230,Cossé-le-Vivien,Pays de la Loire,Mayenne,FR
123,62667,62153,Souchez,Hauts-de-France,Pas-de-Calais,FR
124,35360,35500,Vitré,Bretagne,Ille-et-Vilaine,FR
125,44109,44100,Nantes,Pays de la Loire,Loire-Atlantique,FR
126,57200,57200,Sarreguemines,Grand Est,Moselle,FR
127,78380,78580,Maule,Île-de-France,Yvelines,FR
128,52050,52340,Biesles,Grand Est,Haute-Marne,FR
129,63075,63400,Chamalières,Auvergne-Rhône-Alpes,Puy-de-Dôme,FR
130,51374,51120,Mondement-Montgivroux,Grand Est,Marne,FR
131,57631,57200,Sarreguemines,Grand Est,Moselle,FR
132,45234,45000,Orléans,Centre-Val de Loire,Loiret,FR
133,38082,38850,Charavines,Auvergne-Rhône-Alpes,Isère,FR
134,80326,2120,Guise,Hauts-de-France,Aisne,FR
135,57463,57000,Metz,Grand Est,Moselle,FR
136,34172,34000,Montpellier,Occitanie,Hérault,FR
137,49099,49300,Cholet,Pays de la Loire,Maine-et-Loire,FR
138,85151,85290,Saint-Hilaire-de-Mortagne,Pays de la Loire,Vendée,FR
139,27467,27500,Pont-Audemer,Normandie,Eure,FR
140,49140,49590,Fontevraud-l'Abbaye,Pays de la Loire,Maine-et-Loire,FR
141,37196,37120,Richelieu,Centre-Val de Loire,Indre-et-Loire,FR
142,39368,39400,Morez,Bourgogne-Franche-Comté,Jura,FR
143,59375,59870,Marchiennes,Hauts-de-France,Nord,FR
144,80716,80135,Saint-Riquier,Hauts-de-France,Somme,FR
145,75056,75013,Paris,Île-de-France,Paris,FR
146,13056,13500,Martigues,Provence-Alpes-Côte d'Azur,Bouches-du-Rhône,FR
147,69127,69280,Marcy-l'Etoile,Auvergne-Rhône-Alpes,Métropole de Lyon,FR
148,57256,57130,Gravelotte,Grand Est,Moselle,FR
149,10387,10000,Troyes,Grand Est,Aube,FR
150,40287,40460,Sanguinet,Nouvelle-Aquitaine,Landes,FR
151,81069,81170,Cordes-sur-Ciel,Occitanie,Tarn,FR
152,85284,85300,Soullans,Pays de la Loire,Vendée,FR
153,11069,11000,Carcassonne,Occitanie,Aude,FR
154,81063,81150,Castelnau-de-Lévis,Occitanie,Tarn,FR
155,83050,83300,Draguignan,Provence-Alpes-Côte d'Azur,Var,FR
156,59178,59500,Douai,Hauts-de-France,Nord,FR
157,59090,59910,Bondues,Hauts-de-France,Nord,FR
158,88383,88200,Remiremont,Grand Est,Vosges,FR
159,07110,7260,Joyeuse,Auvergne-Rhône-Alpes,Ardèche,FR
160,67544,67160,Wissembourg,Grand Est,Bas-Rhin,FR
161,58304,58210,Varzy,Bourgogne-Franche-Comté,Nièvre,FR
162,80688,80120,Rue,Hauts-de-France,Somme,FR
163,13055,13001,Marseille,Provence-Alpes-Côte d'Azur,Bouches-du-Rhône,FR
164,84137,84110,Vaison-la-Romaine,Provence-Alpes-Côte d'Azur,Vaucluse,FR
165,72333,72390,Semur-en-Vallon,Pays de la Loire,Sarthe,FR
166,92071,92330,Sceaux,Île-de-France,Hauts-de-Seine,FR
167,29139,29242,null,Bretagne,Finistère,FR
168,29232,29000,Quimper,Bretagne,Finistère,FR
169,65440,65000,Tarbes,Occitanie,Hautes-Pyrénées,FR
170,59517,59258,Les Rues-des-Vignes,Hauts-de-France,Nord,FR
171,69190,69280,Sainte-Consorce,Auvergne-Rhône-Alpes,Rhône,FR
172,13004,13123,Arles,Provence-Alpes-Côte d'Azur,Bouches-du-Rhône,FR
173,46058,46110,Carennac,Occitanie,Lot,FR
174,47157,47200,Marmande,Nouvelle-Aquitaine,Lot-et-Garonne,FR
175,06030,6110,Le Cannet,Provence-Alpes-Côte d'Azur,Alpes-Maritimes,FR
176,79191,79000,Niort,Nouvelle-Aquitaine,Deux-Sèvres,FR
177,42059,42140,Chazelles-sur-Lyon,Auvergne-Rhône-Alpes,Loire,FR
178,57708,57420,Verny,Grand Est,Moselle,FR
179,54395,54000,Nancy,Grand Est,Meurthe-et-Moselle,FR
180,13055,13004,Marseille 4ème,Provence-Alpes-Côte d'Azur,Bouches-du-Rhône,FR
181,14333,14600,Honfleur,Normandie,Calvados,FR
182,70279,70100,Gray,Bourgogne-Franche-Comté,Haute-Saône,FR
183,74280,74230,Thônes,Auvergne-Rhône-Alpes,Haute-Savoie,FR
184,89279,89310,Noyers,Bourgogne-Franche-Comté,Yonne,FR
185,61168,61600,La Ferté Macé,Normandie,Orne,FR
186,87064,87120,Eymoutiers,Nouvelle-Aquitaine,Haute-Vienne,FR
187,56260,56000,Vannes,Bretagne,Morbihan,FR
188,13067,13660,Orgon,Provence-Alpes-Côte d'Azur,Bouches-du-Rhône,FR
189,49007,49100,Angers,Pays de la Loire,Maine-et-Loire,FR
190,80338,80800,Fouilloy,Hauts-de-France,Somme,FR
191,75056,75016,Paris,Île-de-France,Paris,FR
192,62767,62130,Saint-Pol-sur-Ternoise,Hauts-de-France,Pas-de-Calais,FR
193,76351,76600,Le Havre,Normandie,Seine-Maritime,FR
194,01193,1300,Izieu,Auvergne-Rhône-Alpes,Ain,FR
195,71351,71270,Pierre-de-Bresse,Bourgogne-Franche-Comté,Saône-et-Loire,FR
196,71153,71200,Le Creusot,Bourgogne-Franche-Comté,Saône-et-Loire,FR
197,11253,11170,Montolieu,Occitanie,Aude,FR
198,57576,57480,Rettel,Grand Est,Moselle,FR
199,76412,76116,Martainville-Épreville,Normandie,Seine-Maritime,FR
200,02810,2600,Villers-Cotterêts,Hauts-de-France,Aisne,FR
201,07324,7300,Tournon-sur-Rhône,Auvergne-Rhône-Alpes,Ardèche,FR
202,60612,60300,Senlis,Hauts-de-France,Oise,FR
203,75056,75012,Paris,Île-de-France,Paris,FR
204,79230,79120,Rom,Nouvelle-Aquitaine,Deux-Sèvres,FR
205,82075,82170,Grisolles,Occitanie,Tarn-et-Garonne,FR
206,75056,75005,Paris,Île-de-France,Paris,FR
207,59139,59540,Caudry,Hauts-de-France,Nord,FR
208,31336,31260,Mazères-sur-Salat,Occitanie,Haute-Garonne,FR
209,74010,74000,Annecy,Auvergne-Rhône-Alpes,Haute-Savoie,FR
210,92040,92130,Issy-les-Moulineaux,Île-de-France,Hauts-de-Seine,FR
211,75056,75003,Paris,Île-de-France,null,FR
212,39097,39300,Champagnole,Bourgogne-Franche-Comté,Jura,FR
213,28085,null,Chartres,Centre-Val de Loire,Eure-et-Loir,FR
214,01199,1640,Jujurieux,Auvergne-Rhône-Alpes,Ain,FR
215,56090,56650,Inzinzac-Lochrist,Bretagne,Morbihan,FR
216,19073,19300,Égletons,Nouvelle-Aquitaine,Corrèze,FR
217,14747,14930,Vieux,Normandie,Calvados,FR
218,68224,68100,Mulhouse,Grand Est,Haut-Rhin,FR
219,10268,10400,Nogent-sur-Seine,Grand Est,Aube,FR
220,11206,11300,Limoux,Occitanie,Aude,FR
221,42003,42820,Ambierle,Auvergne-Rhône-Alpes,Loire,FR
222,95039,95430,Auvers-sur-Oise,Île-de-France,Val-d'Oise,FR
223,61169,61100,Flers,Normandie,Orne,FR
224,92072,92310,Sèvres,Île-de-France,Hauts-de-Seine,FR
225,null,64390,Sauveterre-de-Béarn,null,Pyrénées-Atlantiques,FR
226,24037,24100,Bergerac,Nouvelle-Aquitaine,Dordogne,FR
227,92048,92190,Meudon,Île-de-France,Hauts-de-Seine,FR
228,54528,54200,Toul,Grand Est,Meurthe-et-Moselle,FR
229,59350,59800,Lille,Hauts-de-France,Nord,FR
230,14582,14100,Saint-Germain-de-Livet,Normandie,Calvados,FR
231,60395,60110,Méru,Hauts-de-France,Oise,FR
232,86246,86310,Saint-Savin,Nouvelle-Aquitaine,Vienne,FR
233,21464,21700,Nuits-Saint-Georges,Bourgogne-Franche-Comté,Côte-d'Or,FR
234,null,14390,Cabourg,Normandie,Calvados,FR
235,67067,67170,Brumath,Grand Est,Bas-Rhin,FR
236,45155,45500,Gien,Centre-Val de Loire,Loiret,FR
237,52448,52100,Saint-Dizier,Grand Est,Haute-Marne,FR
238,78498,78300,Poissy,Île-de-France,Yvelines,FR
239,54578,54600,Villers-lès-Nancy,Grand Est,Meurthe-et-Moselle,FR
240,69019,69220,Belleville-en-Beaujolais,Auvergne-Rhône-Alpes,Rhône,FR
241,89472,89130,Villiers-Saint-Benoît,Bourgogne-Franche-Comté,Yonne,FR
242,75056,75008,null,Île-de-France,Paris,FR
243,83069,83400,Hyères,Provence-Alpes-Côte d'Azur,Var,FR
244,06029,null,Cannes,Provence-Alpes-Côte d'Azur,Alpes-Maritimes,FR
245,61342,61270,Aube,Normandie,Orne,FR
246,76462,76270,Neufchâtel-en-Bray,Normandie,Seine-Maritime,FR
247,02408,2000,Laon,Hauts-de-France,Aisne,FR
248,86066,86100,Châtellerault,Nouvelle-Aquitaine,Vienne,FR
249,81099,81600,Gaillac,Occitanie,Tarn,FR
250,14191,14470,Courseulles-sur-Mer,Normandie,Calvados,FR
251,10259,10400,La Motte-Tilly,Grand Est,Aube,FR
252,33063,33800,Bordeaux,Nouvelle-Aquitaine,Gironde,FR
253,81004,81260,null,Occitanie,Tarn,FR
254,31028,31420,Aurignac,Occitanie,Haute-Garonne,FR
255,82169,82210,Saint-Nicolas-de-la-Grave,Occitanie,Tarn-et-Garonne,FR
256,56034,56340,Carnac,Bretagne,Morbihan,FR
257,86600,86600,Curzay-sur-Vonne,Nouvelle-Aquitaine,Vienne,FR
258,95313,95290,L'Isle-Adam,Île-de-France,Val-d'Oise,FR
259,91477,91120,Palaiseau,Île-de-France,Essonne,FR
260,69123,69002,Lyon,Auvergne-Rhône-Alpes,Métropole de Lyon,FR
261,19031,19100,Brive-la-Gaillarde,Nouvelle-Aquitaine,Corrèze,FR
262,21603,21140,Semur-en-Auxois,Bourgogne-Franche-Comté,Côte-d'Or,FR
263,69273,69960,Corbas,Auvergne-Rhône-Alpes,Métropole de Lyon,FR
264,81004,81000,Albi,Occitanie,Tarn,FR
265,50551,50390,Saint-Sauveur-le-Vicomte,Normandie,Manche,FR
266,31451,31250,Saint-Ferréol,Occitanie,Haute-Garonne,FR
267,41194,41200,Romorantin-Lanthenay,Centre-Val de Loire,Loir-et-Cher,FR
268,11379,11130,Sigean,Occitanie,Aude,FR
269,43015,43300,Auvers,Auvergne-Rhône-Alpes,Haute-Loire,FR
270,89387,89100,Sens,Bourgogne-Franche-Comté,Yonne,FR
271,37261,37000,Tours,Centre-Val de Loire,Indre-et-Loire,FR
272,44069,44350,Guérande,Pays de la Loire,Loire-Atlantique,FR
273,66205,66720,Tautavel,Occitanie,Pyrénées-Orientales,FR
274,74134,74260,Les Gets,Auvergne-Rhône-Alpes,Haute-Savoie,FR
275,31451,31250,Revel,Occitanie,Haute-Garonne,FR
276,12202,12000,Rodez,Occitanie,Aveyron,FR
277,59009,59493,Villeneuve-d'Ascq,Hauts-de-France,Nord,FR
278,69006,69550,Amplepuis,Auvergne-Rhône-Alpes,Rhône,FR
279,03310,3200,Vichy,Auvergne-Rhône-Alpes,Allier,FR
280,84138,84600,Valréas,Provence-Alpes-Côte d'Azur,Vaucluse,FR
281,71340,71430,Palinges,Bourgogne-Franche-Comté,Saône-et-Loire,FR
282,66049,66400,Céret,Occitanie,Pyrénées-Orientales,FR
283,91200,91410,Dourdan,Île-de-France,Essonne,FR
284,49069,49530,Orée d'Anjou,Pays de la Loire,Maine-et-Loire,FR
285,83119,83990,Saint-Tropez,Provence-Alpes-Côte d'Azur,Var,FR
286,04112,4100,Manosque,Provence-Alpes-Côte d'Azur,Alpes-de-Haute-Provence,FR
287,24210,24390,Hautefort,Nouvelle-Aquitaine,Dordogne,FR
288,92025,92700,Colombes,Île-de-France,Hauts-de-Seine,FR
289,01426,1370,Treffort-Cuisiat,Auvergne-Rhône-Alpes,Ain,FR
290,53147,53100,Mayenne,Pays de la Loire,Mayenne,FR
291,35238,35000,Rennes,Bretagne,Ille-et-Vilaine,FR
292,24322,24000,Périgueux,Nouvelle-Aquitaine,Dordogne,FR
293,59135,59670,Cassel,Hauts-de-France,Nord,FR
294,24299,24400,Mussidan,Nouvelle-Aquitaine,Dordogne,FR
295,58227,58310,Saint-Amand-en-Puisaye,Bourgogne-Franche-Comté,Nièvre,FR
296,66171,66750,Saint-Cyprien,Occitanie,Pyrénées-Orientales,FR
297,13055,13008,Marseille,Provence-Alpes-Côte d'Azur,Bouches-du-Rhône,FR
298,84139,84800,Fontaine-de-Vaucluse,Provence-Alpes-Côte d'Azur,Vaucluse,FR
299,17300,17000,La Rochelle,Nouvelle-Aquitaine,Charente-Maritime,FR
300,77131,77120,Coulommiers,Île-de-France,Seine-et-Marne,FR
301,51507,51800,Sainte-Menehould,Grand Est,Marne,FR
302,66136,66000,Perpignan,Occitanie,Pyrénées-Orientales,FR
303,56023,56400,Brech,Bretagne,Morbihan,FR
304,02578,2860,Oulches-la-Vallée-Foulon,Hauts-de-France,Aisne,FR
305,76540,76000,Rouen,Normandie,Seine-Maritime,FR
306,04158,4500,Quinson,Provence-Alpes-Côte d'Azur,Alpes-de-Haute-Provence,FR
307,81171,81600,Montans,Occitanie,Tarn,FR
308,29046,29100,Ploaré,Bretagne,Finistère,FR
309,62268,62240,Desvres,Hauts-de-France,Pas-de-Calais,FR
310,45191,45330,Le Malesherbois,Centre-Val de Loire,Loiret,FR
311,33243,33500,Libourne,Nouvelle-Aquitaine,Gironde,FR
312,24172,24620,Les Eyzies-de-Tayac-Sireuil,Nouvelle-Aquitaine,Dordogne,FR
313,59512,59100,Roubaix,Hauts-de-France,Nord,FR
314,32256,32300,Mirande,Occitanie,Gers,FR
315,60368,60150,Longueil-Annel,Hauts-de-France,Oise,FR
316,46042,46000,Cahors,Occitanie,Lot,FR
317,35206,35230,Noyal-Châtillon-sur-Seiche,Bretagne,Ille-et-Vilaine,FR
318,07149,7190,Marcols-les-Eaux,Auvergne-Rhône-Alpes,Ardèche,FR
319,76217,76200,Dieppe,Normandie,Seine-Maritime,FR
320,27750,27750,La Couture-Boussey,Normandie,Eure,FR
321,75056,75019,Paris,Île-de-France,Paris,FR
322,38185,38000,Grenoble,Auvergne-Rhône-Alpes,Isère,FR
323,17486,17840,La Brée-les-Bains,Nouvelle-Aquitaine,Charente-Maritime,FR
324,13004,13635,Arles,Provence-Alpes-Côte d'Azur,Bouches-du-Rhône,FR
325,85129,85170,Les Lucs-sur-Boulogne,Pays de la Loire,Vendee,FR
326,27165,27190,Conches-en-Ouche,Normandie,Eure,FR
327,16015,16000,Angoulême,Nouvelle-Aquitaine,Charente,FR
328,77186,77300,Fontainebleau,Île-de-France,Seine-et-Marne,FR
329,13001,13100,Aix-en-Provence,Provence-Alpes-Côte d'Azur,Bouches-du-Rhône,FR
330,64499,64270,Salies-de-Béarn,Nouvelle-Aquitaine,Pyrénées-Atlantiques,FR
331,32119,32800,Eauze,Occitanie,Gers,FR
332,76410,76150,Maromme,Normandie,Seine-Maritime,FR
333,64430,64300,Orthez,Nouvelle-Aquitaine,Pyrénées-Atlantiques,FR
334,02065,2420,Bellicourt,Hauts-de-France,Aisne,FR
335,90010,90000,Belfort,Bourgogne-Franche-Comté,Territoire de Belfort,FR
336,44168,44720,Île de Fédrun,Pays de la Loire,Loire-Atlantique,FR
337,74281,74200,Thonon-les-Bains,Auvergne-Rhône-Alpes,Haute-Savoie,FR
338,06069,6130,Grasse,Provence-Alpes-Côte d'Azur,Alpes-Maritimes,FR
339,77059,77600,Bussy-Saint-Martin,Île-de-France,Seine-et-Marne,FR
340,49228,49390,Parçay-les-Pins,Pays de la Loire,Maine-et-Loire,FR
341,08311,8210,Mouzon,Grand Est,Ardennes,FR
342,08105,8000,Charleville-Mézières,Grand Est,Ardennes,FR
343,65286,65100,Lourdes,Occitanie,Hautes-Pyrénées,FR
344,14047,14400,Bayeux,Normandie,Calvados,FR
345,87104,87120,Nedde,Nouvelle-Aquitaine,Haute-Vienne,FR
346,69094,69290,Grézieu-la-Varenne,Auvergne-Rhône-Alpes,Rhône,FR
347,13100,13210,Saint-Rémy-de-Provence,Provence-Alpes-Côte d'Azur,Bouches-du-Rhône,FR
348,84003,84400,Apt,Provence-Alpes-Côte d'Azur,Vaucluse,FR
349,52269,52200,Langres,Grand Est,Haute-Marne,FR
350,71342,71600,Paray-le-Monial,Bourgogne-Franche-Comté,Saône-et-Loire,FR
351,03190,3000,Moulins,Auvergne-Rhône-Alpes,Allier,FR
352,59350,59000,Lille,Hauts-de-France,Nord,FR
353,78172,78700,Conflans-Sainte-Honorine,Île-de-France,Yvelines,FR
354,15001,15160,Allanche,Auvergne-Rhône-Alpes,Cantal,FR
355,12168,12230,Nant,Occitanie,Aveyron,FR
356,57038,57390,Audun-le-Tiche,Grand Est,Moselle,FR
357,49377,49140,Villevêque,Pays de la Loire,Maine-et-Loire,FR
358,45082,45110,Châteauneuf-sur-Loire,Centre-Val de Loire,Loiret,FR
359,34134,34880,Lavérune,Occitanie,Hérault,FR
360,37132,37600,Loches,Centre-Val de Loire,Indre-et-Loire,FR
361,75056,75007,Paris,Île-de-France,Paris,FR
362,11049,11150,Bram,Occitanie,Aude,FR
363,03115,3140,Fleuriel,Auvergne-Rhône-Alpes,Allier,FR
364,30351,30400,Villeneuve-lès-Avignon,Occitanie,Gard,FR
365,34183,34440,Nissan-lez-Enserune,Occitanie,Hérault,FR
366,36088,36100,Issoudun,Centre-Val de Loire,Indre,FR
367,76452,76710,Montville,Normandie,Seine-Maritime,FR
368,45008,45410,Artenay,Centre-Val de Loire,Loiret,FR
369,80253,80600,Doullens,Hauts-de-France,Somme,FR
370,18279,18100,Vierzon,Centre-Val de Loire,Cher,FR
371,97413,97424,Saint-Leu,La Réunion,La Réunion,FR
372,78160,78460,Chevreuse,Île-de-France,Yvelines,FR
373,2A272,20100,Sartène,Corse,Corse-du-Sud,FR
374,89446,89450,Vézelay,Bourgogne-Franche-Comté,Yonne,FR
375,36046,36400,Le P'tit Mur,Centre-Val de Loire,Indre,FR
376,26281,26100,Romans-sur-Isère,Auvergne-Rhône-Alpes,Drôme,FR
377,64422,64400,Oloron-Sainte-Marie,Nouvelle-Aquitaine,Pyrénées-Atlantiques,FR
378,42187,42300,Roanne,Auvergne-Rhône-Alpes,Loire,FR
379,14118,14000,Caen,Normandie,Calvados,FR
380,63077,63790,Murol,Auvergne-Rhône-Alpes,Puy-de-Dôme,FR
381,89025,89200,Avallon,Bourgogne-Franche-Comté,Yonne,FR
382,44085,44110,Louisfert,Pays de la Loire,Loire-Atlantique,FR
383,08329,8270,Novion-Porcien,Grand Est,Ardennes,FR
384,75056,75015,Paris,Île-de-France,Paris,FR
385,11262,11100,Narbonne,Occitanie,Aude,FR
386,77168,77620,Égreville,Île-de-France,Seine-et-Marne,FR
387,19275,19200,Ussel,Nouvelle-Aquitaine,Corrèze,FR
388,25166,25360,Nancray,Bourgogne-Franche-Comté,Doubs,FR
389,15136,15340,Mourjou,Auvergne-Rhône-Alpes,Cantal,FR
390,58194,58000,Nevers,Bourgogne-Franche-Comté,Nièvre,FR
391,42052,42190,Charlieu,Auvergne-Rhône-Alpes,Loire,FR
392,39300,39000,Lons-le-Saunier,Bourgogne-Franche-Comté,Jura,FR
393,95500,95300,Pontoise,Île-de-France,Val-d'Oise,FR
394,84007,84000,Avignon,Provence-Alpes-Côte d'Azur,Vaucluse,FR
395,69172,69460,Salles-Arbuissonnas-en-Beaujolais,Auvergne-Rhône-Alpes,Métropole de Lyon,FR
396,13001,13090,Aix-en-Provence,Provence-Alpes-Côte d'Azur,Bouches-du-Rhône,FR
397,77487,77000,Melun,Île-de-France,Seine-et-Marne,FR
398,12096,12500,Espalion,Occitanie,Aveyron,FR
399,60176,60800,Crépy-en-Valois,Hauts-de-France,Oise,FR
400,28134,28100,Dreux,Centre-Val de Loire,Eure-et-Loir,FR
401,85234,85160,Saint-Jean-de-Monts,Pays de la Loire,Vendée,FR
402,69238,69590,Saint-Symphorien-sur-Coise,Auvergne-Rhône-Alpes,Rhône,FR
403,57537,57540,Petite-Rosselle,Grand Est,Moselle,FR
404,04136,4170,La Mure-Argens,Provence-Alpes-Côte d'Azur,Alpes-de-Haute-Provence,FR
405,95018,95100,Argenteuil,Île-de-France,Val-d'Oise,FR
406,04135,4360,Moustiers-Sainte-Marie,Provence-Alpes-Côte d'Azur,Alpes-de-Haute-Provence,FR
407,06163,6430,Tende,Provence-Alpes-Côte d'Azur,Alpes-Maritimes,FR
408,44015,44130,Blain,Pays de la Loire,Loire-Atlantique,FR
409,17385,17310,Saint-Pierre-d'Oléron,Nouvelle-Aquitaine,Charente-Maritime,FR
410,85046,85310,La Chaize-le-Vicomte,Pays de la Loire,Vendée,FR
411,67482,67003,Strasbourg,Grand Est,Bas-Rhin,FR
412,89239,89100,Sens,Bourgogne-Franche-Comté,Yonne,FR
413,26362,26000,Valence,Auvergne-Rhône-Alpes,Drôme,FR
414,27428,27110,Le Neubourg,Normandie,Eure,FR
415,61006,61200,Argentan,Normandie,Orne,FR
416,77284,77100,Meaux,Île-de-France,Seine-et-Marne,FR
417,71263,71500,Louhans,Bourgogne-Franche-Comté,Saône-et-Loire,FR
418,null,83300,Draguignan,null,Var,FR
419,69123,69007,Lyon,Auvergne-Rhône-Alpes,Métropole de Lyon,FR
420,93066,93200,Saint-Denis,Île-de-France,Seine-Saint-Denis,FR
421,40286,40320,Samadet,Nouvelle-Aquitaine,Landes,FR
422,86082,86700,Valence-en-Poitou,Nouvelle-Aquitaine,Vienne,FR
423,77305,77130,Montereau-Fault-Yonne,Île-de-France,Seine-et-Marne,FR
424,56181,56290,Port-Louis,Bretagne,Morbihan,FR
425,45087,45360,Châtillon-sur-Loire,Centre-Val de Loire,Loiret,FR
426,31555,31400,Toulouse,Occitanie,Haute-Garonne,FR
427,69018,69430,Beaujeu,Auvergne-Rhône-Alpes,Rhône,FR
428,23030,23400,Bourganeuf,Nouvelle-Aquitaine,Creuse,FR
429,81220,81800,Rabastens,Occitanie,Tarn,FR
430,34179,34570,Murviel-lès-Montpellier,Occitanie,Hérault,FR
431,10288,10250,Mussy-sur-Seine,Grand Est,Aube,FR
432,76255,76260,Eu,Normandie,Seine-Maritime,FR
433,14303,14100,Lisieux,Normandie,Calvados,FR
434,42094,42110,Feurs,Auvergne-Rhône-Alpes,Loire,FR
435,75056,75009,Paris,Île-de-France,Paris,FR
436,58086,58200,Cosne-Cours,Bourgogne-Franche-Comté,Nièvre,FR
437,80001,80100,Abbeville,Hauts-de-France,Somme,FR
438,75056,75018,Paris,Île-de-France,Paris,FR
439,36153,36290,Azay-le-Ferron,Centre-Val de Loire,Indre,FR
440,55189,55100,Fleury-devant-Douaumont,Grand Est,Meuse,FR
441,39155,39110,Salins-les-Bains,Bourgogne-Franche-Comté,Jura,FR
442,80016,80300,Albert,Hauts-de-France,Somme,FR
443,01269,1130,Nantua,Auvergne-Rhône-Alpes,Ain,FR
444,55463,55300,Saint-Mihiel,Grand Est,Meuse,FR
445,76384,76170,Lillebonne,Normandie,Seine-Maritime,FR
446,03133,3800,Jenzat,Auvergne-Rhône-Alpes,Allier,FR
447,02334,2230,Fresnoy-le-Grand,Hauts-de-France,Aisne,FR
448,57672,57100,Thionville,Grand Est,Moselle,FR
449,06033,6510,Carros,Provence-Alpes-Côte d'Azur,Alpes-Maritimes,FR
450,42330,42390,Villars,Auvergne-Rhône-Alpes,Loire,FR
451,14715,14360,Trouville-sur-Mer,Normandie,Calvados,FR
452,06018,6410,Biot,Provence-Alpes-Côte d'Azur,Alpes-Maritimes,FR
453,22278,22000,Saint-Brieuc,Bretagne,Côtes-d'Armor,FR
454,18057,18370,Châteaumeillant,Centre-Val de Loire,Cher,FR
455,67513,67130,Waldersbach,Grand Est,Bas-Rhin,FR
456,42219,42130,Saint-Étienne-le-Molard,Auvergne-Rhône-Alpes,Loire,FR
457,14228,14440,Douvres-la-Délivrande,Normandie,Calvados,FR
458,40184,40200,Mimizan,Nouvelle-Aquitaine,Landes,FR
459,06161,6270,Villeneuve-Loubet,Provence-Alpes-Côte d'Azur,Alpes-Maritimes,FR
460,21425,21500,Montbard,Bourgogne-Franche-Comté,Côte-d'Or,FR
461,58003,58230,Alligny-en-Morvan,Bourgogne-Franche-Comté,Nièvre,FR
462,10064,10500,Brienne-le-Château,Grand Est,Aube,FR
463,01283,1100,Oyonnax,Auvergne-Rhône-Alpes,Ain,FR
464,03062,3140,Charroux,Auvergne-Rhône-Alpes,Allier,FR
465,51230,51200,Épernay,Grand Est,Marne,FR
466,13100,13210,Saint-Rémy-de-Provence,Provence-Alpes-Côte d'Azur,Bouches-du-Rhone,FR
467,01093,1400,Châtillon-sur-Chalaronne,Auvergne-Rhône-Alpes,Ain,FR
468,15129,15190,Montboudif,Auvergne-Rhône-Alpes,Cantal,FR
469,73065,73000,Chambéry,Auvergne-Rhône-Alpes,Savoie,FR
470,57089,57230,Bitche,Grand Est,Moselle,FR
471,06155,6220,Vallauris,Provence-Alpes-Côte d'Azur,Alpes-Maritimes,FR
472,17300,17000,La rochelle,Nouvelle-Aquitaine,Charente-Maritime,FR
473,35288,35400,Saint-Malo,Bretagne,Ille-et-Vilaine,FR
474,67180,67500,Haguenau,Grand Est,Bas-Rhin,FR
475,81288,81540,Sorèze,Occitanie,Tarn,FR
476,49018,49150,Baugé,Pays de la Loire,Maine-et-Loire,FR
477,21154,21400,Châtillon-sur-Seine,Bourgogne-Franche-Comté,Côte-d'Or,FR
478,51454,51100,Reims,Grand Est,Marne,FR
479,62160,62200,Boulogne-sur-Mer,Hauts-de-France,Pas-de-Calais,FR
480,97120,97110,Pointe-à-Pitre,Guadeloupe,null,FR
481,32449,32240,Toujouse,Occitanie,Gers,FR
482,57712,57630,Vic-sur-Seille,Grand Est,Moselle,FR
483,34129,34970,Lattes,Occitanie,Hérault,FR
484,06088,6200,Nice,Provence-Alpes-Côte d'Azur,Alpes-Maritimes,FR
485,29151,29600,Morlaix,Bretagne,Finistère,FR
486,61214,61300,L'Aigle,Normandie,Orne,FR
487,14754,14640,Villers-sur-Mer,Normandie,Calvados,FR
488,67482,null,Strasbourg,Grand Est,Bas-Rhin,FR
489,75056,75012,Paris,Île-de-France,null,FR
490,12167,12270,Najac,Occitanie,Aveyron,FR
491,37003,37400,Amboise,Centre-Val de Loire,Indre-et-Loire,FR
492,65045,65400,Aucun,Occitanie,Hautes-Pyrénées,FR
493,77108,77500,Chelles,Île-de-France,Seine-et-Marne,FR
494,92073,92150,Suresnes,Île-de-France,Hauts-de-Seine,FR
495,09331,9700,Le Vernet,Occitanie,Ariège,FR
496,64160,64250,Cambo-les-Bains,Nouvelle-Aquitaine,Pyrénées-Atlantiques,FR
497,76474,76960,Notre-Dame-de-Bondeville,Normandie,Seine-Maritime,FR
498,77048,77780,Bourron-Marlotte,Île-de-France,Seine-et-Marne,FR
499,10081,10600,La Chapelle-Saint-Luc,Grand Est,Aube,FR
500,84087,84100,Orange,Provence-Alpes-Côte d'Azur,Vaucluse,FR
501,2B148,20290,Lucciana,Corse,Haute-Corse,FR
502,16015,16170,null,Nouvelle-Aquitaine,Charente,FR
503,75056,75013,Paris,Île-de-France,null,FR
504,73248,73300,Saint-Jean-de-Maurienne,Auvergne-Rhône-Alpes,Savoie,FR
505,31395,31600,Muret,Occitanie,Haute-Garonne,FR
506,76681,76300,Sotteville-lès-Rouen,Normandie,Seine-Maritime,FR
507,68224,68200,Mulhouse,Grand Est,Haut-Rhin,FR
508,49244,49290,Saint-Laurent-de-la-Plaine,Pays de la Loire,Maine-et-Loire,FR
509,06121,6230,Saint-Jean-Cap-Ferrat,Provence-Alpes-Côte d'Azur,Alpes-Maritimes,FR
510,12262,12800,Sauveterre-de-Rouergue,Occitanie,Aveyron,FR
511,14111,14250,Tilly-sur-Seulles,Normandie,Calvados,FR
512,67088,67430,Dehlingen,Grand Est,Bas-Rhin,FR
513,71120,71170,Chauffailles,Bourgogne-Franche-Comté,Saône-et-Loire,FR
514,34003,34300,Agde,Occitanie,Hérault,FR
515,54329,54300,Lunéville,Grand Est,Meurthe-et-Moselle,FR
516,47001,47000,Agen,Nouvelle-Aquitaine,Lot-et-Garonne,FR
517,13001,13290,Aix-en-Provence,Provence-Alpes-Côte d'Azur,Bouches-du-Rhône,FR
518,64445,64000,Pau,Nouvelle-Aquitaine,Pyrénées-Atlantiques,FR
519,73087,73160,Cognin,Auvergne-Rhône-Alpes,Savoie,FR
520,27229,27000,Évreux,Normandie,Eure,FR
521,40046,40600,Biscarrosse,Nouvelle-Aquitaine,Landes,FR
522,69233,69270,Saint-Romain-au-Mont-d'Or,Auvergne-Rhône-Alpes,Métropole de Lyon,FR
523,49180,49160,Longué-Jumelles,Pays de la Loire,Maine-et-Loire,FR
524,74010,74960,Annecy,Auvergne-Rhône-Alpes,Haute-Savoie,FR
525,28088,28200,Châteaudun,Centre-Val de Loire,Eure-et-Loir,FR
526,32013,32000,Auch,Occitanie,Gers,FR
527,87041,87290,Châteauponsac,Nouvelle-Aquitaine,Haute-Vienne,FR
528,53140,53950,Louverné,Pays de la Loire,Mayenne,FR
529,85012,85550,La Barre-de-Monts,Pays de la Loire,Vendée,FR
530,42091,42380,Estivareilles,Auvergne-Rhône-Alpes,Loire,FR
531,02304,2800,La Fère,Hauts-de-France,Aisne,FR
532,83062,83130,La Garde,Provence-Alpes-Côte d'Azur,Var,FR
533,69123,69003,Lyon,Auvergne-Rhône-Alpes,Métropole de Lyon,FR
534,89024,89000,Auxerre,Bourgogne-Franche-Comté,Yonne,FR
535,75056,75014,Paris,Île-de-France,Paris,FR
536,75056,75015,Paris,Île-de-France,null,FR
537,06004,6160,Antibes,Provence-Alpes-Côte d'Azur,Alpes-Maritimes,FR
538,68091,68740,Fessenheim,Grand Est,Haut-Rhin,FR
539,69123,69009,Lyon,Auvergne-Rhône-Alpes,Métropole de Lyon,FR
540,28196,28120,Illiers-Combray,Centre-Val de Loire,Eure-et-Loir,FR
541,60471,60400,Noyon,Hauts-de-France,Oise,FR
542,50525,50670,Saint-Michel-de-Montjoie,Normandie,Manche,FR
543,80620,80200,Péronne,Hauts-de-France,Somme,FR
544,50041,50440,Omonville-la-Petite,Normandie,Manche,FR
545,50026,50310,Azeville,Normandie,Manche,FR
546,77379,77160,Provins,Île-de-France,Seine-et-Marne,FR
547,97225,97250,Saint-Pierre,Martinique,Martinique,FR
548,63300,63200,Riom,Auvergne-Rhône-Alpes,Puy-de-Dôme,FR
549,87161,87400,Saint-Léonard-de-Noblat,Nouvelle-Aquitaine,Haute-Vienne,FR
550,14220,14800,Deauville,Normandie,Calvados,FR
551,61001,61000,Alençon,Normandie,Orne,FR
552,88413,88100,Saint-Dié-des-Vosges,Grand Est,Vosges,FR
553,67046,67240,Bischwiller,Grand Est,Bas-Rhin,FR
554,97209,97200,Fort-de-France,Martinique,null,FR
555,08362,8300,Rethel,Grand Est,Ardennes,FR
556,79137,79360,Granzay-Gript,Nouvelle-Aquitaine,Deux-Sèvres,FR
557,80036,80800,Villers-Bretonneux,Hauts-de-France,Somme,FR
558,04111,4300,Mane,Provence-Alpes-Côte d'Azur,Alpes-de-Haute-Provence,FR
559,83132,83210,Solliès-Ville,Provence-Alpes-Côte d'Azur,Var,FR
560,2B009,20270,Aléria,Corse,Haute-Corse,FR
561,44109,44003,Nantes,Pays de la Loire,Loire-Atlantique,FR
562,48095,48000,Mende,Occitanie,Lozère,FR
563,95351,95380,Louvres,Île-de-France,Val-d'Oise,FR
564,59350,59777,Lille,Hauts-de-France,Nord,FR
565,69264,69400,Villefranche-sur-Saône,Auvergne-Rhône-Alpes,Rhône,FR
566,25056,25000,Besançon,Bourgogne-Franche-Comté,Doubs,FR
567,67538,67290,Wingen-sur-Moder,Grand Est,Bas-Rhin,FR
568,87085,87000,Limoges,Nouvelle-Aquitaine,Haute-Vienne,FR
569,42218,42000,Saint-Étienne,Auvergne-Rhône-Alpes,Loire,FR
570,38548,38250,Villard-de-Lans,Auvergne-Rhône-Alpes,Isère,FR
571,57642,57160,Scy-Chazelles,Grand Est,Moselle,FR
572,31385,31350,Montmaurin,Occitanie,Haute-Garonne,FR
573,69235,69560,Saint-Romain-en-Gal,Auvergne-Rhône-Alpes,Rhône,FR
574,18197,18200,Saint-Amand-Montrond,Centre-Val de Loire,Cher,FR
575,31483,31800,Saint-Gaudens,Occitanie,Haute-Garonne,FR
576,17161,17630,La Flotte,Nouvelle-Aquitaine,Charente-Maritime,FR
577,71270,71000,Mâcon,Bourgogne-Franche-Comté,Saône-et-Loire,FR
578,04209,4200,Sisteron,Provence-Alpes-Côte d'Azur,Alpes-de-Haute-Provence,FR
579,39333,39260,Moirans-en-Montagne,Bourgogne-Franche-Comté,Jura,FR
580,30334,30700,Uzès,Occitanie,Gard,FR
581,01262,1120,Montluel,Auvergne-Rhône-Alpes,Ain,FR
582,09160,9300,Lavelanet,Occitanie,Ariège,FR
583,75056,75001,Paris,Île-de-France,Paris,FR
584,75056,75008,Paris,Île-de-France,null,FR
585,27681,27200,Vernon,Normandie,Eure,FR
586,46102,46100,Figeac,Occitanie,Lot,FR
587,83019,83230,Bormes-les-Mimosas,Provence-Alpes-Côte d'Azur,Var,FR
588,91114,91800,Brunoy,Île-de-France,Essonne,FR
589,67379,67250,Preuschdorf,Grand Est,Bas-Rhin,FR
590,94052,94130,Nogent-sur-Marne,Île-de-France,Val-de-Marne,FR
591,91027,91200,Athis-Mons,Île-de-France,Essonne,FR
592,23008,23200,Aubusson,Nouvelle-Aquitaine,Creuse,FR
593,75056,75116,Paris,Île-de-France,Paris,FR
594,28280,28400,Nogent-le-Rotrou,Centre-Val de Loire,Eure-et-Loir,FR
595,64406,64370,Morlanne,Nouvelle-Aquitaine,Pyrénées-Atlantiques,FR
596,33039,33130,Bègles,Nouvelle-Aquitaine,Gironde,FR
597,null,30100,Alès,null,Gard,FR
598,58235,58230,Saint-Brisson,Bourgogne-Franche-Comté,Nièvre,FR
599,76101,76340,Blangy-sur-Bresle,Normandie,Seine-Maritime,FR
600,83137,null,Toulon,Provence-Alpes-Côte d'Azur,Var,FR
601,27090,27670,Bosroumois,Normandie,Eure,FR
602,17299,17303,Rochefort,Nouvelle-Aquitaine,Charente-Maritime,FR
603,82112,82200,Moissac,Occitanie,Tarn-et-Garonne,FR
604,67550,67360,Woerth,Grand Est,Bas-Rhin,FR
605,42318,42550,Usson-en-Forez,Auvergne-Rhône-Alpes,Loire,FR
606,53264,53270,Thorigné-en-Charnie,Pays de la Loire,Mayenne,FR
607,73011,73200,Albertville,Auvergne-Rhône-Alpes,Savoie,FR
608,53122,53160,Jublains,Pays de la Loire,Mayenne,FR
609,70283,70440,Haut-du-Them-Château-Lambert,Bourgogne-Franche-Comté,Haute-Saône,FR
610,36018,36300,Le Blanc,Centre-Val de Loire,Indre,FR
611,74236,74170,Saint-Gervais-les-Bains,Auvergne-Rhône-Alpes,Haute-Savoie,FR
612,40282,40500,Saint-Sever,Nouvelle-Aquitaine,Landes,FR
613,54300,54140,Laneuveville-devant-Nancy,Grand Est,Meurthe-et-Moselle,FR
614,14478,14290,Orbec,Normandie,Calvados,FR
615,76497,76650,Petit-Couronne,Normandie,Seine-Maritime,FR
616,null,91490,Milly-la-Forêt,null,Essonne,FR
617,92012,92100,Boulogne-Billancourt,Île-de-France,Hauts-de-Seine,FR
618,18093,97229,null,Martinique,null,FR
619,67283,67440,Marmoutier,Grand Est,Bas-Rhin,FR
620,17347,17400,Saint-Jean-d'Angély,Nouvelle-Aquitaine,Charente-Maritime,FR
621,73019,73220,Argentine,Auvergne-Rhône-Alpes,Savoie,FR
622,02789,2140,Vervins,Hauts-de-France,Aisne,FR
623,34153,34270,Les Matelles,Occitanie,Hérault,FR
624,24396,24220,Saint-Cyprien,Nouvelle-Aquitaine,Dordogne,FR
625,59257,59249,Fromelles,Hauts-de-France,Nord,FR
626,73021,73110,Arvillard,Auvergne-Rhône-Alpes,Savoie,FR
627,89086,89120,Charny Orée de Puisaye,Bourgogne-Franche-Comté,Yonne,FR
628,50147,50200,Coutances,Normandie,Manche,FR
629,18161,18600,Neuilly-en-Dun,Centre-Val de Loire,Cher,FR
630,14622,14330,Le Molay-Littry,Normandie,Calvados,FR
631,83140,83170,Tourves,Provence-Alpes-Côte d'Azur,Var,FR
632,94017,94500,Champigny-sur-Marne,Île-de-France,Val-de-Marne,FR
633,25462,25300,Pontarlier,Bourgogne-Franche-Comté,Doubs,FR
634,78646,78000,Versailles,Île-de-France,Yvelines,FR
635,92064,92210,Saint-Cloud,Île-de-France,Hauts-de-Seine,FR
636,50218,50400,Granville,Normandie,Manche,FR
637,50510,50190,Le Mesnil-Vigot,Normandie,Manche,FR
638,86077,86320,Civaux,Nouvelle-Aquitaine,Vienne,FR
639,32301,32350,Ordan-Larroque,Occitanie,Gers,FR
640,56010,56150,Baud,Bretagne,Morbihan,FR
641,76618,76370,Petit-Caux,Normandie,Seine-Maritime,FR
642,49007,49000,Angers,Pays de la Loire,Maine-et-Loire,FR
643,78361,78200,Mantes-la-Jolie,Île-de-France,Yvelines,FR
644,12254,12330,Salles-la-Source,Occitanie,Aveyron,FR
645,54274,54140,Jarville-la-Malgrange,Grand Est,Meurthe-et-Moselle,FR
646,14762,14500,Vire Normandie,Normandie,Calvados,FR
647,50502,50000,Saint-Lô,Normandie,Manche,FR
648,71076,71100,Chalon-sur-Saône,Bourgogne-Franche-Comté,Saône-et-Loire,FR
649,62498,62300,Lens,Hauts-de-France,Pas-de-Calais,FR
650,07005,7400,Alba-la-Romaine,Auvergne-Rhône-Alpes,Ardèche,FR
651,82179,82240,Septfonds,Occitanie,Tarn-et-Garonne,FR
652,81145,81310,Lisle-sur-Tarn,Occitanie,Tarn,FR
653,90041,90170,Étueffont,Bourgogne-Franche-Comté,Territoire de Belfort,FR
654,69123,69001,Lyon,Auvergne-Rhône-Alpes,Métropole de Lyon,FR
655,30007,30100,Alès,Occitanie,Gard,FR
656,03235,3150,Saint-Gérand-le-Puy,Auvergne-Rhône-Alpes,Allier,FR
657,44143,44400,Rezé,Pays de la Loire,Loire-Atlantique,FR
658,55029,55000,Bar-le-Duc,Grand Est,Meuse,FR
659,34108,34110,Frontignan,Occitanie,Hérault,FR
660,95088,95500,Gonesse,Île-de-France,Val-d'Oise,FR
661,59273,59820,Gravelines,Hauts-de-France,Nord,FR
662,82069,82330,Ginals,Occitanie,Tarn-et-Garonne,FR
663,81065,81100,Castres,Occitanie,Tarn,FR
664,33438,33490,Saint-Maixant,Nouvelle-Aquitaine,Gironde,FR
665,11369,11590,Sallèles-d'Aude,Occitanie,Aude,FR
666,43162,43130,Retournac,Auvergne-Rhône-Alpes,Haute-Loire,FR
667,51583,51340,Trois-Fontaines-l'Abbaye,Grand Est,Marne,FR
668,13108,13150,Tarascon,Provence-Alpes-Côte d'Azur,Bouches-du-Rhône,FR
669,71440,71990,Saint-Léger-sous-Beuvray,Bourgogne-Franche-Comté,Saône-et-Loire,FR
670,67324,67110,Niederbronn-les-Bains,Grand Est,Bas-Rhin,FR
671,22093,22400,Lamballe-Armor,Bretagne,Côtes-d'Armor,FR
672,59350,59033,Lille,Hauts-de-France,Nord,FR
673,46330,46110,Vayrac,Occitanie,Lot,FR
674,85194,85100,Les Sables-d'Olonne,Pays de la Loire,Vendée,FR
675,50612,50300,Vains,Normandie,Manche,FR
676,02183,2000,Chevregny,Hauts-de-France,Aisne,FR
677,75056,75006,Paris,Île-de-France,Paris,FR
678,78575,78470,Saint-Rémy-lès-Chevreuse,Île-de-France,Yvelines,FR
679,50025,50300,Avranches,Normandie,Manche,FR
680,87117,87470,Peyrat-le-Château,Nouvelle-Aquitaine,Haute-Vienne,FR
681,27285,27620,Giverny,Normandie,Eure,FR
682,68149,68330,Huningue,Grand Est,Haut-Rhin,FR
683,82121,82000,Montauban,Occitanie,Tarn-et-Garonne,FR
684,61196,61360,Belforêt-en-Perche,Normandie,Orne,FR
685,55545,55100,Verdun,Grand Est,Meuse,FR
686,59183,59140,Dunkerque,Hauts-de-France,Nord,FR
687,52121,52000,Chaumont,Grand Est,Haute-Marne,FR
688,30269,30270,Saint-Jean-du-Gard,Occitanie,Gard,FR
689,24280,24540,Monpazier,Nouvelle-Aquitaine,Dordogne,FR
690,59172,59220,Denain,Hauts-de-France,Nord,FR
691,56228,56140,Saint-Marcel,Bretagne,Morbihan,FR
692,77405,77750,Saint-Cyr-sur-Morin,Île-de-France,Seine-et-Marne,FR
693,95205,95440,Écouen,Île-de-France,Val-d'Oise,FR
694,63010,63220,Arlanc,Auvergne-Rhône-Alpes,Puy-de-Dôme,FR
695,87009,87120,Beaumont-du-Lac,Nouvelle-Aquitaine,Haute-Vienne,FR
696,26332,26240,Saint-Uze,Auvergne-Rhône-Alpes,Drôme,FR
697,17415,17100,Saintes,Nouvelle-Aquitaine,Charente-Maritime,FR
698,50200,50850,Ger,Normandie,Manche,FR
699,45203,45130,Meung-sur-Loire,Centre-Val de Loire,Loiret,FR
700,29261,29190,Saint-Rivoal,Bretagne,Finistère,FR
701,30223,30340,Rousson,Occitanie,Gard,FR
702,81140,81500,Lavaur,Occitanie,Tarn,FR
703,03185,3100,Montluçon,Auvergne-Rhône-Alpes,Allier,FR
704,01453,1260,Arvière-en-Valromey,Auvergne-Rhône-Alpes,Ain,FR
705,86194,86000,Poitiers,Nouvelle-Aquitaine,Vienne,FR
706,78537,78730,Saint-Arnoult-en-Yvelines,Île-de-France,Yvelines,FR
707,44036,44110,Châteaubriant,Pays de la Loire,Loire-Atlantique,FR
708,94081,94400,Vitry-sur-Seine,Île-de-France,Val-de-Marne,FR
709,17369,17410,Saint-Martin-de-Ré,Nouvelle-Aquitaine,Charente-Maritime,FR
710,60057,60000,Beauvais,Hauts-de-France,Oise,FR
711,81064,81140,Andillac,Occitanie,Tarn,FR
712,null,68700,Wattwiller,null,Haut-Rhin,FR
713,36044,36000,Châteauroux,Centre-Val de Loire,Indre,FR
714,null,93350,Le Bourget,Île-de-France,Seine-Saint-Denis,FR
715,21231,21000,Dijon,Bourgogne-Franche-Comté,Côte-d'Or,FR
716,03118,3800,Gannat,Auvergne-Rhône-Alpes,Allier,FR
717,15187,15100,Saint-Flour,Auvergne-Rhône-Alpes,Cantal,FR
718,57283,57300,Hagondange,Grand Est,Moselle,FR
719,67462,67600,Sélestat,Grand Est,Bas-Rhin,FR
720,91122,91440,Bures-sur-Yvette,Île-de-France,Essonne,FR
721,21122,21150,Bussy-le-Grand,Bourgogne-Franche-Comté,Côte-d'Or,FR
722,40194,40380,Montfort-en-Chalosse,Nouvelle-Aquitaine,Landes,FR
723,29217,29930,Pont-Aven,Bretagne,Finistère,FR
724,58079,58500,Clamecy,Bourgogne-Franche-Comté,Nièvre,FR
725,33036,33430,Bazas,Nouvelle-Aquitaine,Gironde,FR
726,75056,75017,Paris,Île-de-France,Paris,FR
727,68036,68600,Biesheim,Grand Est,Haut-Rhin,FR
728,83118,83700,Saint-Raphaël,Provence-Alpes-Côte d'Azur,Var,FR
729,95428,95160,Montmorency,Île-de-France,Val-d'Oise,FR
730,37113,37350,Le Grand-Pressigny,Centre-Val de Loire,Indre-et-Loire,FR
731,51559,51600,Suippes,Grand Est,Marne,FR
732,66164,66600,Rivesaltes,Occitanie,Pyrénées-Orientales,FR
733,88304,88500,Mirecourt,Grand Est,Vosges,FR
734,31555,31300,Toulouse,Occitanie,Haute-Garonne,FR
735,41018,41000,Blois,Centre-Val de Loire,Loir-et-Cher,FR
736,40088,40100,Dax,Nouvelle-Aquitaine,Landes,FR
737,53062,53200,Château-Gontier,Pays de la Loire,Mayenne,FR
738,51217,51700,Dormans,Grand Est,Marne,FR
739,21054,21200,Beaune,Bourgogne-Franche-Comté,Côte-d'Or,FR
740,27056,27300,Bernay,Normandie,Eure,FR
741,06084,6370,Mouans-Sartoux,Provence-Alpes-Côte d'Azur,Alpes-Maritimes,FR
742,28085,28000,Chartres,Centre-Val de Loire,Eure-et-Loir,FR
743,07168,7150,Orgnac-l’Aven,Auvergne-Rhône-Alpes,Ardèche,FR
744,44010,44740,Batz-sur-Mer,Pays de la Loire,Loire-Atlantique,FR
745,73073,73310,Chanaz,Auvergne-Rhône-Alpes,Savoie,FR
746,70245,70220,Fougerolles,Bourgogne-Franche-Comté,Haute-Saône,FR
747,24584,24610,Villefranche-de-Lonchat,Nouvelle-Aquitaine,Dordogne,FR
748,78372,78160,Marly-le-Roi,Île-de-France,Yvelines,FR
749,26324,26130,Saint-Paul-Trois-Châteaux,Auvergne-Rhône-Alpes,Drôme,FR
750,02691,2100,Saint-Quentin,Hauts-de-France,Aisne,FR
751,88160,88000,Épinal,Grand Est,Vosges,FR
752,76259,76400,Fécamp,Normandie,Seine-Maritime,FR
753,38359,38160,Saint-Antoine-l'Abbaye,Auvergne-Rhône-Alpes,Isère,FR
754,58062,58120,Château-Chinon (Ville),Bourgogne-Franche-Comté,Nièvre,FR
755,53130,53000,Laval,Pays de la Loire,Mayenne,FR
756,62765,62500,Saint-Omer,Hauts-de-France,Pas-de-Calais,FR
757,59350,59046,Lille,Hauts-de-France,Nord,FR
758,38012,38490,Aoste,Auvergne-Rhône-Alpes,Isère,FR
759,69123,69006,Lyon,Auvergne-Rhône-Alpes,Métropole de Lyon,FR
760,01426,1370,Val-Revermont,Auvergne-Rhône-Alpes,Ain,FR
761,59392,59600,Maubeuge,Hauts-de-France,Nord,FR
762,63430,63300,Thiers,Auvergne-Rhône-Alpes,Puy-de-Dôme,FR
763,62193,62100,Calais,Hauts-de-France,Pas-de-Calais,FR
764,34301,34200,Sète,Occitanie,Hérault,FR
765,11140,11200,Ferrals-les-Corbières,Occitanie,Aude,FR
766,43051,43400,Le Chambon-sur-Lignon,Auvergne-Rhône-Alpes,Haute-Loire,FR
767,30348,30360,Vézénobres,Occitanie,Gard,FR
768,68162,68240,Kaysersberg-Vignoble,Grand Est,Haut-Rhin,FR
769,42147,42600,Montbrison,Auvergne-Rhône-Alpes,Loire,FR
770,50041,50440,Omonville-la-Rogue,Normandie,Manche,FR
771,45187,45260,Lorris,Centre-Val de Loire,Loiret,FR
772,72010,72430,Asnières-sur-Vègre,Pays de la Loire,Sarthe,FR
773,36006,36200,Argenton-sur-Creuse,Centre-Val de Loire,Indre,FR
774,71371,71960,Solutré-Pouilly,Bourgogne-Franche-Comté,Saône-et-Loire,FR
775,40246,40630,Sabres,Nouvelle-Aquitaine,Landes,FR
776,67085,67700,Saverne,Grand Est,Bas-Rhin,FR
777,91223,91150,Étampes,Île-de-France,Essonne,FR
778,44184,44600,Saint-Nazaire,Pays de la Loire,Loire-Atlantique,FR
779,87187,87500,Saint-Yrieix-la-Perche,Nouvelle-Aquitaine,Haute-Vienne,FR
780,69168,69270,Rochetaillée-sur-Saône,Auvergne-Rhône-Alpes,Métropole de Lyon,FR
781,39198,39100,Dole,Bourgogne-Franche-Comté,Jura,FR
782,57448,57630,Marsal,Grand Est,Moselle,FR
783,33063,33000,Bordeaux,Nouvelle-Aquitaine,Gironde,FR
784,95295,95450,Guiry-en-Vexin,Île-de-France,Val-d'Oise,FR
785,33325,33390,Plassac,Nouvelle-Aquitaine,Gironde,FR
786,59555,59216,Sars-Poteries,Hauts-de-France,Nord,FR
787,34145,34400,Lunel,Occitanie,Hérault,FR
788,71106,71120,Charolles,Bourgogne-Franche-Comté,Saône-et-Loire,FR
789,73008,73100,Aix-les-Bains,Auvergne-Rhône-Alpes,Savoie,FR
790,38563,38500,Voiron,Auvergne-Rhône-Alpes,Isère,FR
791,13103,13300,Salon-de-Provence,Provence-Alpes-Côte d'Azur,Bouches-du-Rhône,FR
792,06083,6500,Menton,Provence-Alpes-Côte d'Azur,Alpes-Maritimes,FR
793,51108,51000,Châlons-en-Champagne,Grand Est,Marne,FR
794,54483,54210,Saint-Nicolas-de-Port,Grand Est,Meurthe-et-Moselle,FR
795,33063,33100,Bordeaux,Nouvelle-Aquitaine,Gironde,FR
796,25434,25290,Ornans,Bourgogne-Franche-Comté,Doubs,FR
797,75056,75002,Paris,Île-de-France,null,FR
798,95690,95420,Wy-dit-Joli-Village,Île-de-France,Val-d'Oise,FR
799,83061,83600,Fréjus,Provence-Alpes-Côte d'Azur,Var,FR
800,85087,85240,Faymoreau,Pays de la Loire,Vendée,FR
801,2B096,20250,Corte,Corse,Haute-Corse,FR
802,87014,87250,Bessines-sur-Gartempe,Nouvelle-Aquitaine,Haute-Vienne,FR
803,45208,45200,Montargis,Centre-Val de Loire,Loiret,FR
804,74256,74700,Sallanches,Auvergne-Rhône-Alpes,Haute-Savoie,FR
805,34299,34410,Sérignan,Occitanie,Hérault,FR
806,33057,33540,Blasimon,Nouvelle-Aquitaine,Gironde,FR
807,14514,14130,Pont-l'Évêque,Normandie,Calvados,FR
808,19101,19000,Tulle,Nouvelle-Aquitaine,Corrèze,FR
809,62826,62520,Le Touquet-Paris-Plage,Hauts-de-France,Pas-de-Calais,FR
810,34039,34140,Bouzigues,Occitanie,Hérault,FR
811,63113,63000,Clermont-Ferrand,Auvergne-Rhône-Alpes,Puy-de-Dôme,FR
812,83137,83220,Le Pradet,Provence-Alpes-Côte d'Azur,Var,FR
813,77156,77140,Nemours,Île-de-France,Seine-et-Marne,FR
814,60159,60200,Compiègne,Hauts-de-France,Oise,FR
815,60175,60100,Creil,Hauts-de-France,Oise,FR
816,74056,74400,Chamonix-Mont-Blanc,Auvergne-Rhône-Alpes,Haute-Savoie,FR
817,69028,69126,Brindas,Auvergne-Rhône-Alpes,Rhône,FR
818,78322,78350,Jouy-en-Josas,Île-de-France,Yvelines,FR
819,71009,71550,Anost,Bourgogne-Franche-Comté,Saône-et-Loire,FR
820,85154,85390,Mouilleron-en-Pareds,Pays de la Loire,Vendée,FR
821,43157,43000,Le Puy-en-Velay,Auvergne-Rhône-Alpes,Haute-Loire,FR
822,83137,83200,Toulon,Provence-Alpes-Côte d'Azur,Var,FR
823,49328,49400,Saumur,Pays de la Loire,Maine-et-Loire,FR
824,68112,68500,Guebwiller,Grand Est,Haut-Rhin,FR
825,04019,4400,Barcelonnette,Provence-Alpes-Côte d'Azur,Alpes-de-Haute-Provence,FR
826,62108,62600,Berck,Hauts-de-France,Pas-de-Calais,FR
827,02806,2310,Villeneuve-sur-Fère,Hauts-de-France,Aisne,FR
828,57630,57400,Sarrebourg,Grand Est,Moselle,FR
829,34032,34500,Béziers,Occitanie,Hérault,FR
830,93048,93100,Montreuil,Île-de-France,Seine-Saint-Denis,FR
831,02722,2200,Soissons,Hauts-de-France,Aisne,FR
832,49007,null,Angers,Pays de la Loire,Maine-et-Loire,FR
833,38544,38200,Vienne,Auvergne-Rhône-Alpes,Isère,FR
834,61491,61190,Tourouvre au Perche,Normandie,Orne,FR
835,62318,62630,Étaples,Hauts-de-France,Pas-de-Calais,FR
836,null,59491,Villeneuve-d'Ascq,Hauts-de-France,Nord,FR
837,18033,18000,Bourges,Centre-Val de Loire,Cher,FR
838,71014,71400,Autun,Bourgogne-Franche-Comté,Saône-et-Loire,FR
839,97411,97419,La Possession,La Réunion,La Réunion,FR
840,17415,17120,Grézac,Nouvelle-Aquitaine,Charente-Maritime,FR
841,61146,61700,Dompierre,Normandie,Orne,FR
842,39539,39600,Arbois,Bourgogne-Franche-Comté,Jura,FR
843,64260,64700,Hendaye,Nouvelle-Aquitaine,Pyrénées-Atlantiques,FR
844,30032,30300,Beaucaire,Occitanie,Gard,FR
845,92026,92400,Courbevoie,Île-de-France,Hauts-de-Seine,FR
846,67061,67330,Bouxwiller,Grand Est,Bas-Rhin,FR
847,59249,59610,Fourmies,Hauts-de-France,Nord,FR
848,86070,86300,Chauvigny,Nouvelle-Aquitaine,Vienne,FR
849,59345,59287,Lewarde,Hauts-de-France,Nord,FR
850,21584,21210,Saulieu,Bourgogne-Franche-Comté,Côte-d'Or,FR
851,17299,17300,Rochefort,Nouvelle-Aquitaine,Charente-Maritime,FR
852,75056,75008,Paris,Île-de-France,Paris,FR
853,67372,67350,Pfaffenhoffen,Grand Est,Bas-Rhin,FR
854,50523,50480,Sainte-Mère-Église,Normandie,Manche,FR
855,59179,59282,Douchy-les-Mines,Hauts-de-France,Nord,FR
856,74081,74300,Cluses,Auvergne-Rhône-Alpes,Haute-Savoie,FR
857,42279,42170,Saint-Just-Saint-Rambert,Auvergne-Rhône-Alpes,Loire,FR
858,73303,73400,Ugine,Auvergne-Rhône-Alpes,Savoie,FR
859,44168,44720,Saint-Joachim,Pays de la Loire,Loire-Atlantique,FR
860,01068,1450,Cerdon,Auvergne-Rhône-Alpes,Ain,FR
861,77463,77810,Thomery,Île-de-France,Seine-et-Marne,FR
862,29019,29200,Brest,Bretagne,Finistère,FR
863,21008,21150,Alise-Sainte-Reine,Bourgogne-Franche-Comté,Côte-d'Or,FR
864,76164,76490,Rives-en-Seine,Normandie,Seine-Maritime,FR
865,67482,67000,Strasbourg,Grand Est,Bas-Rhin,FR
866,74143,74310,Les Houches,Auvergne-Rhône-Alpes,Haute-Savoie,FR
867,04070,4000,Digne-les-Bains,Provence-Alpes-Côte d'Azur,Alpes-de-Haute-Provence,FR
868,76624,76510,Saint-Nicolas-d'Aliermont,Normandie,Seine-Maritime,FR
869,59526,59230,Saint-Amand-les-Eaux,Hauts-de-France,Nord,FR
870,32459,32310,Valence-sur-Baïse,Occitanie,Gers,FR
871,72179,72270,Malicorne-sur-Sarthe,Pays de la Loire,Sarthe,FR
872,59009,59491,Villeneuve-d'Ascq,Hauts-de-France,Nord,FR
873,57619,57620,Saint-Louis-lès-Bitche,Grand Est,Moselle,FR
874,38053,38300,Bourgoin-Jallieu,Auvergne-Rhône-Alpes,Isère,FR
875,10033,10200,Bar-sur-Aube,Grand Est,Aube,FR
876,50029,50720,Barenton,Normandie,Manche,FR
877,77053,77170,Brie-Comte-Robert,Île-de-France,Seine-et-Marne,FR
878,30202,30130,Pont-Saint-Esprit,Occitanie,Gard,FR
879,80021,80000,Amiens,Hauts-de-France,Somme,FR
880,13004,13200,Arles,Provence-Alpes-Côte d'Azur,Bouches-du-Rhône,FR
881,02168,2400,Château-Thierry,Hauts-de-France,Aisne,FR
882,12157,12630,Montrozier,Occitanie,Aveyron,FR
883,62185,62128,Bullecourt,Hauts-de-France,Pas-de-Calais,FR
884,74225,74150,Rumilly,Auvergne-Rhône-Alpes,Haute-Savoie,FR
885,75056,75003,Paris,Île-de-France,Paris,FR
